audio_file|text|speaker_name
wavs/arac1i_00000001.wav|bom para o cérebro, bom para o coração.|araci
wavs/arac1i_00000002.wav|o ômega três auxilia na redução do mau colesterol, diminuindo o risco de ataques cardíacos.|araci
wavs/arac1i_00000003.wav|o ômega três associado à alimentação saudável e atividade física aumenta a expectativa de vida com muito mais saúde.|araci
wavs/arac1i_00000004.wav|ligue oitocentos setecentos e setenta sete mil e novecentos, peça seis frascos e receba um porta-cápsulas.|araci
wavs/arac1i_00000005.wav|peça um segundo kit e ganhe cinquenta por cento de desconto.|araci
wavs/arac1i_00000006.wav|é aposentado, tem mais de sessenta anos?|araci
wavs/araci_00000000.wav|a topterm traz pra você o legítimo ômega três, um ácido graxo essencial extraído dos peixes de águas frias e profundas lá da noruega.|araci
wavs/araci_00000001.wav|bom para o cérebro, bom para o coração.|araci
wavs/araci_00000002.wav|o ômega três auxilia na redução do mau colesterol, diminuindo o risco de ataques cardíacos.|araci
wavs/araci_00000003.wav|o ômega três associado à alimentação saudável e atividade física aumenta a expectativa de vida com muito mais saúde.|araci
wavs/araci_00000004.wav|ligue oitocentos setecentos e setenta sete mil e novecentos, peça seis frascos e receba um porta-cápsulas.|araci
wavs/araci_00000005.wav|peça um segundo kit e ganhe cinquenta por cento de desconto.|araci
wavs/araci_00000006.wav|é aposentado, tem mais de sessenta anos?|araci
wavs/araci_00000007.wav|promoção especial pra você, ligue oitocentos setecentos e setenta sete mil e novecentos.|araci
wavs/calabreso_00000000.wav|e aí não vou negociar de machucar ninguém.|calabreso
wavs/calabreso_00000001.wav|só mandei ele ter calma.|calabreso
wavs/calabreso_00000002.wav|calma aí, calabreso.|calabreso
wavs/calabreso_00000003.wav|só falei isso.|calabreso
wavs/calabreso_00000004.wav|calma aí, calabreso.|calabreso
wavs/calabreso_00000005.wav|só falei isso.|calabreso
wavs/calabreso_00000006.wav|calabreso.|calabreso
wavs/calabreso_00000007.wav|o que é calabreso?|calabreso
wavs/calabreso_00000008.wav|calabresa só com o.|calabreso
wavs/calabreso_00000009.wav|calabreso.|calabreso
wavs/calabreso_00000010.wav|o que é calabresa, pai?|calabreso
wavs/calabreso_00000011.wav|calabreso que é calabresa.|calabreso
wavs/calabreso_00000012.wav|calabresa é um negócio que a gente come.|calabreso
wavs/calabreso_00000013.wav|que negócio?|calabreso
wavs/calabreso_00000014.wav|o que é calabresa?|calabreso
